{
    "fl_x": 44598.88736653067,
    "fl_y": 50797.23032035667,
    "cx": 1039.1250823308746,
    "cy": 579.393283924298,
    "w": 2048,
    "h": 1080,
    "camera_model": "OPENCV",
    "k1": -12.118197009547918,
    "k2": -850.2629508301815,
    "p1": 0.11565826242752167,
    "p2": 0.060963965413401815,
    "k3": -0.8853259429709919
}