{
    "fl_x": 98884.25355094523,
    "fl_y": 41452.6328814772,
    "cx": 967.5356000260591,
    "cy": 539.4615168422376,
    "w": 2048,
    "h": 1080,
    "camera_model": "OPENCV",
    "k1": -8.62471007716287,
    "k2": -2.6455238052300993,
    "p1": 0.04339770739294949,
    "p2": 0.048873480209701656,
    "k3": -0.0004626790386337451
}