{
    "fl_x": 39638.68336190791,
    "fl_y": 39638.68336190791,
    "cx": 1023.5070578198164,
    "cy": 539.4941323617795,
    "w": 2048,
    "h": 1080,
    "camera_model": "OPENCV",
    "k1": -0.05900203087086341,
    "k2": 8.865352822214955e-07,
    "p1": 0.0024418399555578923,
    "p2": 0.00024298789241821377,
    "k3": 1.8756498065042662e-10
}